requirement_id,document_id,document_title,document_version,document_category,section_id,section_heading,requirement_text,obligation,requirement_type,applicable_roles,role_scope,competency,priority,due_stage,assessment_requirement,prerequisite,precedence_level,conflict_status,duplicate_of,include_in_active_matrix
POL-01-2.1,POL-01,Employee Handbook,1.0,Handbook,2.1,Joining Formalities,Every new employee must sign the Employee Handbook acknowledgement form on Day 1.,Mandatory,Must Acknowledge,Branch Manager; Customer Service Officer; Sales Executive; HR Executive; Finance Associate; Operations Coordinator; IT Support Engineer; Compliance Officer; Marketing Executive; Data Analyst; Cash Teller; Team Leader,All Roles,Joining Formalities,High,Day 1,Signed Acknowledgement,,4,,,Yes
POL-01-2.2,POL-01,Employee Handbook,1.0,Handbook,2.2,Joining Formalities,New employees must submit copies of their educational certificates to HR within the first week of joining.,Mandatory,Must Complete,Branch Manager; Customer Service Officer; Sales Executive; HR Executive; Finance Associate; Operations Coordinator; IT Support Engineer; Compliance Officer; Marketing Executive; Data Analyst; Cash Teller; Team Leader,All Roles,Joining Formalities,Medium,Week 1,Knowledge Quiz,,4,,,Yes
POL-01-2.3,POL-01,Employee Handbook,1.0,Handbook,2.3,Joining Formalities,New employees must collect their employee ID card from the HR desk on Day 1.,Mandatory,Must Complete,Branch Manager; Customer Service Officer; Sales Executive; HR Executive; Finance Associate; Operations Coordinator; IT Support Engineer; Compliance Officer; Marketing Executive; Data Analyst; Cash Teller; Team Leader,All Roles,Joining Formalities,High,Day 1,Knowledge Quiz,,4,,,Yes
POL-01-2.4,POL-01,Employee Handbook,1.0,Handbook,2.4,Joining Formalities,New employees should meet their reporting manager within the first week of joining to agree on role expectations.,Recommended,Recommended,Branch Manager; Customer Service Officer; Sales Executive; HR Executive; Finance Associate; Operations Coordinator; IT Support Engineer; Compliance Officer; Marketing Executive; Data Analyst; Cash Teller; Team Leader,All Roles,Joining Formalities,Low,Week 1,None,,4,,,Yes
POL-01-3.2,POL-01,Employee Handbook,1.0,Handbook,3.2,Working Hours and Attendance,Employees must record attendance using the biometric system at the start and end of each working day.,Mandatory,Must Know,Branch Manager; Customer Service Officer; Sales Executive; HR Executive; Finance Associate; Operations Coordinator; IT Support Engineer; Compliance Officer; Marketing Executive; Data Analyst; Cash Teller; Team Leader,All Roles,Working Hours and Attendance,Medium,Week 1,Knowledge Quiz,,4,,,Yes
POL-01-3.3,POL-01,Employee Handbook,1.0,Handbook,3.3,Working Hours and Attendance,Employees may request flexible timing with written approval from their reporting manager.,Optional,Optional,Branch Manager; Customer Service Officer; Sales Executive; HR Executive; Finance Associate; Operations Coordinator; IT Support Engineer; Compliance Officer; Marketing Executive; Data Analyst; Cash Teller; Team Leader,All Roles,Working Hours and Attendance,Low,Week 1,None,,4,,,Yes
POL-01-4.1,POL-01,Employee Handbook,1.0,Handbook,4.1,Dress Code,Employees must follow the business formal dress code on all customer-facing days.,Mandatory,Must Know,Branch Manager; Customer Service Officer; Sales Executive; HR Executive; Finance Associate; Operations Coordinator; IT Support Engineer; Compliance Officer; Marketing Executive; Data Analyst; Cash Teller; Team Leader,All Roles,Dress Code,Medium,Week 1,Knowledge Quiz,,4,,,Yes
POL-01-4.2,POL-01,Employee Handbook,1.0,Handbook,4.2,Dress Code,Employees should refer to the Workplace Conduct Policy (POL-05) for detailed behavioural standards.,Recommended,Recommended,Branch Manager; Customer Service Officer; Sales Executive; HR Executive; Finance Associate; Operations Coordinator; IT Support Engineer; Compliance Officer; Marketing Executive; Data Analyst; Cash Teller; Team Leader,All Roles,Dress Code,Low,Week 1,None,,4,,,Yes
POL-01-5.1,POL-01,Employee Handbook,1.0,Handbook,5.1,Use of Bank Resources,Employees must use bank equipment only for official purposes.,Mandatory,Must Know,Branch Manager; Customer Service Officer; Sales Executive; HR Executive; Finance Associate; Operations Coordinator; IT Support Engineer; Compliance Officer; Marketing Executive; Data Analyst; Cash Teller; Team Leader,All Roles,Use of Bank Resources,Medium,Week 1,Knowledge Quiz,,4,,,Yes
POL-01-5.2,POL-01,Employee Handbook,1.0,Handbook,5.2,Use of Bank Resources,Employees may use the staff cafeteria and prayer rooms during scheduled breaks.,Optional,Optional,Branch Manager; Customer Service Officer; Sales Executive; HR Executive; Finance Associate; Operations Coordinator; IT Support Engineer; Compliance Officer; Marketing Executive; Data Analyst; Cash Teller; Team Leader,All Roles,Use of Bank Resources,Low,Week 1,None,,4,,,Yes
POL-01-5.3,POL-01,Employee Handbook,1.0,Handbook,5.3,Use of Bank Resources,Employees must return all bank property on their last working day.,Mandatory,Must Know,Branch Manager; Customer Service Officer; Sales Executive; HR Executive; Finance Associate; Operations Coordinator; IT Support Engineer; Compliance Officer; Marketing Executive; Data Analyst; Cash Teller; Team Leader,All Roles,Use of Bank Resources,Medium,Week 1,Knowledge Quiz,,4,,,Yes
POL-02-2.2,POL-02,HR Policy,2.0,Policy,2.2,Probation,Employees must complete all mandatory onboarding modules before the end of probation.,Mandatory,Must Complete,Branch Manager; Customer Service Officer; Sales Executive; HR Executive; Finance Associate; Operations Coordinator; IT Support Engineer; Compliance Officer; Marketing Executive; Data Analyst; Cash Teller; Team Leader,All Roles,Probation,Medium,First 90 Days,Knowledge Quiz,,1,Prevails over FAQ-01-8.1,,Yes
POL-02-2.4,POL-02,HR Policy,2.0,Policy,2.4,Probation,Employees must complete a probation review meeting with their reporting manager within 90 days of joining.,Mandatory,Must Complete,Branch Manager; Customer Service Officer; Sales Executive; HR Executive; Finance Associate; Operations Coordinator; IT Support Engineer; Compliance Officer; Marketing Executive; Data Analyst; Cash Teller; Team Leader,All Roles,Probation,Medium,First 90 Days,Knowledge Quiz,,1,,,Yes
POL-02-3.2,POL-02,HR Policy,2.0,Policy,3.2,Working Hours,Employees must obtain prior approval from their reporting manager for any overtime.,Mandatory,Must Know,Branch Manager; Customer Service Officer; Sales Executive; HR Executive; Finance Associate; Operations Coordinator; IT Support Engineer; Compliance Officer; Marketing Executive; Data Analyst; Cash Teller; Team Leader,All Roles,Working Hours,Medium,Week 1,Knowledge Quiz,,1,,,Yes
POL-02-4.1,POL-02,HR Policy,2.0,Policy,4.1,Performance Management,Employees must agree written performance objectives with their reporting manager within 30 days of joining.,Mandatory,Must Know,Branch Manager; Customer Service Officer; Sales Executive; HR Executive; Finance Associate; Operations Coordinator; IT Support Engineer; Compliance Officer; Marketing Executive; Data Analyst; Cash Teller; Team Leader,All Roles,Performance Management,Medium,First 30 Days,Knowledge Quiz,,1,,,Yes
POL-02-4.2,POL-02,HR Policy,2.0,Policy,4.2,Performance Management,Employees should request informal feedback from their reporting manager every month.,Recommended,Recommended,Branch Manager; Customer Service Officer; Sales Executive; HR Executive; Finance Associate; Operations Coordinator; IT Support Engineer; Compliance Officer; Marketing Executive; Data Analyst; Cash Teller; Team Leader,All Roles,Performance Management,Low,Week 1,None,,1,,,Yes
POL-02-5.1,POL-02,HR Policy,2.0,Policy,5.1,HR Operations,HR Executives must verify the educational certificates of every new joiner within 14 calendar days of the new joiner's start date.,Mandatory,Must Know,HR Executive,Role-Specific,HR Operations,Medium,Week 1,Knowledge Quiz,,1,,,Yes
POL-02-5.2,POL-02,HR Policy,2.0,Policy,5.2,HR Operations,HR Executives must maintain employee records only in the HR Information System and must not store personnel files on personal devices.,Mandatory,Must Know,HR Executive,Role-Specific,HR Operations,Medium,Week 1,Knowledge Quiz,,1,,,Yes
POL-02-5.3,POL-02,HR Policy,2.0,Policy,5.3,HR Operations,HR Executives must complete the HR Information System training within the first week of joining.,Mandatory,Must Complete,HR Executive,Role-Specific,HR Operations,Medium,Week 1,Knowledge Quiz,,1,,,Yes
POL-02-5.4,POL-02,HR Policy,2.0,Policy,5.4,HR Operations,HR Executives should conduct an exit interview with every resigning employee.,Recommended,Recommended,HR Executive,Role-Specific,HR Operations,Low,Week 1,None,,1,,,Yes
POL-02-6.1,POL-02,HR Policy,2.0,Policy,6.1,Team Supervision,Supervisors must approve or reject leave requests within 2 working days.,Mandatory,Must Know,Team Leader; Branch Manager,Role-Specific,Team Supervision,Medium,Week 1,Knowledge Quiz,,1,,,Yes
POL-02-6.2,POL-02,HR Policy,2.0,Policy,6.2,Team Supervision,Supervisors must conduct a monthly one-to-one meeting with each team member.,Mandatory,Must Know,Team Leader; Branch Manager,Role-Specific,Team Supervision,Medium,Week 1,Knowledge Quiz,,1,,,Yes
POL-02-6.3,POL-02,HR Policy,2.0,Policy,6.3,Team Supervision,Supervisors must complete the People Management Essentials module within 30 days of joining.,Mandatory,Must Complete,Team Leader; Branch Manager,Role-Specific,Team Supervision,Medium,First 30 Days,Knowledge Quiz,,1,,,Yes
POL-03-2.2,POL-03,Leave Policy,2.0,Policy,2.2,Annual Leave,Employees must apply for annual leave at least 14 days in advance through the HR portal.,Mandatory,Must Know,Branch Manager; Customer Service Officer; Sales Executive; HR Executive; Finance Associate; Operations Coordinator; IT Support Engineer; Compliance Officer; Marketing Executive; Data Analyst; Cash Teller; Team Leader,All Roles,Annual Leave,Medium,Week 1,Knowledge Quiz,,1,Prevails over FAQ-01-2.1,,Yes
POL-03-2.3,POL-03,Leave Policy,2.0,Policy,2.3,Annual Leave,Employees must not take more than 10 consecutive working days of annual leave without Department Head approval.,Mandatory,Must Know,Branch Manager; Customer Service Officer; Sales Executive; HR Executive; Finance Associate; Operations Coordinator; IT Support Engineer; Compliance Officer; Marketing Executive; Data Analyst; Cash Teller; Team Leader,All Roles,Annual Leave,Medium,Week 1,Knowledge Quiz,,1,,,Yes
POL-03-2.4,POL-03,Leave Policy,2.0,Policy,2.4,Annual Leave,Unused annual leave may be carried forward up to a maximum of 10 days.,Optional,Optional,Branch Manager; Customer Service Officer; Sales Executive; HR Executive; Finance Associate; Operations Coordinator; IT Support Engineer; Compliance Officer; Marketing Executive; Data Analyst; Cash Teller; Team Leader,All Roles,Annual Leave,Low,Week 1,None,,1,,,Yes
POL-03-3.1,POL-03,Leave Policy,2.0,Policy,3.1,Sick Leave,Employees must inform their reporting manager before 10:00 AM on any day they cannot come to work due to sickness.,Mandatory,Must Know,Branch Manager; Customer Service Officer; Sales Executive; HR Executive; Finance Associate; Operations Coordinator; IT Support Engineer; Compliance Officer; Marketing Executive; Data Analyst; Cash Teller; Team Leader,All Roles,Sick Leave,Medium,Week 1,Knowledge Quiz,,1,,,Yes
POL-03-3.2,POL-03,Leave Policy,2.0,Policy,3.2,Sick Leave,Sick leave of more than 2 consecutive days must be supported by a medical certificate.,Mandatory,Must Know,Branch Manager; Customer Service Officer; Sales Executive; HR Executive; Finance Associate; Operations Coordinator; IT Support Engineer; Compliance Officer; Marketing Executive; Data Analyst; Cash Teller; Team Leader,All Roles,Sick Leave,Medium,Week 1,Knowledge Quiz,,1,,,Yes
POL-03-4.1,POL-03,Leave Policy,2.0,Policy,4.1,Mandatory Leave,Staff in these roles must take at least 5 consecutive working days of leave each year as a fraud-control measure.,Mandatory,Must Know,Cash Teller; Branch Manager; Operations Coordinator,Role-Specific,Mandatory Leave,Medium,Week 1,Knowledge Quiz,,1,,,Yes
POL-03-4.2,POL-03,Leave Policy,2.0,Policy,4.2,Mandatory Leave,"During mandatory leave, the duties of the employee must be performed by another authorised staff member.",Mandatory,Must Know,Cash Teller; Branch Manager; Operations Coordinator,Role-Specific,Mandatory Leave,Medium,Week 1,Knowledge Quiz,,1,,,Yes
POL-03-5.1,POL-03,Leave Policy,2.0,Policy,5.1,Leave Approval,Approvers must check team coverage before approving overlapping leave requests.,Mandatory,Must Know,Team Leader; Branch Manager,Role-Specific,Leave Approval,Medium,Week 1,Knowledge Quiz,,1,,,Yes
POL-03-5.2,POL-03,Leave Policy,2.0,Policy,5.2,Leave Approval,Approvers should avoid approving leave for more than 30% of a team at the same time.,Recommended,Recommended,Team Leader; Branch Manager,Role-Specific,Leave Approval,Low,Week 1,None,,1,,,Yes
POL-03-6.1,POL-03,Leave Policy,2.0,Policy,6.1,Related Guidance,"Employees may refer to the HR and Leave FAQ (FAQ-01) for common questions; where the FAQ differs from this policy, this policy prevails.",Optional,Optional,Branch Manager; Customer Service Officer; Sales Executive; HR Executive; Finance Associate; Operations Coordinator; IT Support Engineer; Compliance Officer; Marketing Executive; Data Analyst; Cash Teller; Team Leader,All Roles,Related Guidance,Low,Week 1,None,,1,,,Yes
POL-04-2.1,POL-04,Information Security Policy,2.0,Policy,2.1,Security Awareness,All employees must complete the Information Security Basics module within the first week of joining.,Mandatory,Must Complete,Branch Manager; Customer Service Officer; Sales Executive; HR Executive; Finance Associate; Operations Coordinator; IT Support Engineer; Compliance Officer; Marketing Executive; Data Analyst; Cash Teller; Team Leader,All Roles,Security Awareness,High,Week 1,Knowledge Quiz,,1,,,Yes
POL-04-2.2,POL-04,Information Security Policy,2.0,Policy,2.2,Security Awareness,All employees must sign the Acceptable Use acknowledgement on Day 1.,Mandatory,Must Acknowledge,Branch Manager; Customer Service Officer; Sales Executive; HR Executive; Finance Associate; Operations Coordinator; IT Support Engineer; Compliance Officer; Marketing Executive; Data Analyst; Cash Teller; Team Leader,All Roles,Security Awareness,High,Day 1,Signed Acknowledgement,,1,,,Yes
POL-04-2.3,POL-04,Information Security Policy,2.0,Policy,2.3,Security Awareness,Employees must report any suspected security incident to the IT Service Desk within 1 hour of noticing it.,Mandatory,Must Know,Branch Manager; Customer Service Officer; Sales Executive; HR Executive; Finance Associate; Operations Coordinator; IT Support Engineer; Compliance Officer; Marketing Executive; Data Analyst; Cash Teller; Team Leader,All Roles,Security Awareness,High,Week 1,Knowledge Quiz,,1,,,Yes
POL-04-3.1,POL-04,Information Security Policy,2.0,Policy,3.1,Passwords and Access,"Passwords must be at least 12 characters long and include upper-case letters, numbers and symbols.",Mandatory,Must Know,Branch Manager; Customer Service Officer; Sales Executive; HR Executive; Finance Associate; Operations Coordinator; IT Support Engineer; Compliance Officer; Marketing Executive; Data Analyst; Cash Teller; Team Leader,All Roles,Passwords and Access,High,Week 1,Knowledge Quiz,,1,,,Yes
POL-04-3.2,POL-04,Information Security Policy,2.0,Policy,3.2,Passwords and Access,Employees must change their passwords every 60 days.,Mandatory,Must Know,Branch Manager; Customer Service Officer; Sales Executive; HR Executive; Finance Associate; Operations Coordinator; IT Support Engineer; Compliance Officer; Marketing Executive; Data Analyst; Cash Teller; Team Leader,All Roles,Passwords and Access,High,Week 1,Knowledge Quiz,,1,Prevails over FAQ-02-1.1,,Yes
POL-04-3.3,POL-04,Information Security Policy,2.0,Policy,3.3,Passwords and Access,"Employees must not share their passwords or access cards with anyone, including colleagues and managers.",Mandatory,Must Know,Branch Manager; Customer Service Officer; Sales Executive; HR Executive; Finance Associate; Operations Coordinator; IT Support Engineer; Compliance Officer; Marketing Executive; Data Analyst; Cash Teller; Team Leader,All Roles,Passwords and Access,High,Week 1,Knowledge Quiz,,1,,,Yes
POL-04-3.4,POL-04,Information Security Policy,2.0,Policy,3.4,Passwords and Access,Employees must enable multi-factor authentication on their email account within the first week of joining.,Mandatory,Must Complete,Branch Manager; Customer Service Officer; Sales Executive; HR Executive; Finance Associate; Operations Coordinator; IT Support Engineer; Compliance Officer; Marketing Executive; Data Analyst; Cash Teller; Team Leader,All Roles,Passwords and Access,High,Week 1,Knowledge Quiz,,1,,,Yes
POL-04-4.1,POL-04,Information Security Policy,2.0,Policy,4.1,Devices and Removable Media,Personal USB drives and external storage devices must not be connected to bank computers.,Mandatory,Must Know,Branch Manager; Customer Service Officer; Sales Executive; HR Executive; Finance Associate; Operations Coordinator; IT Support Engineer; Compliance Officer; Marketing Executive; Data Analyst; Cash Teller; Team Leader,All Roles,Devices and Removable Media,High,Week 1,Knowledge Quiz,,1,Prevails over FAQ-02-2.1,,Yes
POL-04-4.2,POL-04,Information Security Policy,2.0,Policy,4.2,Devices and Removable Media,Employees must lock their screen whenever they leave their desk.,Mandatory,Must Know,Branch Manager; Customer Service Officer; Sales Executive; HR Executive; Finance Associate; Operations Coordinator; IT Support Engineer; Compliance Officer; Marketing Executive; Data Analyst; Cash Teller; Team Leader,All Roles,Devices and Removable Media,High,Week 1,Knowledge Quiz,,1,,,Yes
POL-04-4.3,POL-04,Information Security Policy,2.0,Policy,4.3,Devices and Removable Media,Employees should store work files only on the approved network drive.,Recommended,Recommended,Branch Manager; Customer Service Officer; Sales Executive; HR Executive; Finance Associate; Operations Coordinator; IT Support Engineer; Compliance Officer; Marketing Executive; Data Analyst; Cash Teller; Team Leader,All Roles,Devices and Removable Media,Low,Week 1,None,,1,,,Yes
POL-04-5.1,POL-04,Information Security Policy,2.0,Policy,5.1,Email and Phishing,Employees must report suspicious emails using the Report Phishing button in Outlook.,Mandatory,Must Know,Branch Manager; Customer Service Officer; Sales Executive; HR Executive; Finance Associate; Operations Coordinator; IT Support Engineer; Compliance Officer; Marketing Executive; Data Analyst; Cash Teller; Team Leader,All Roles,Email and Phishing,High,Week 1,Knowledge Quiz,,1,,,Yes
POL-04-5.2,POL-04,Information Security Policy,2.0,Policy,5.2,Email and Phishing,Employees must not open attachments from unknown senders.,Mandatory,Must Know,Branch Manager; Customer Service Officer; Sales Executive; HR Executive; Finance Associate; Operations Coordinator; IT Support Engineer; Compliance Officer; Marketing Executive; Data Analyst; Cash Teller; Team Leader,All Roles,Email and Phishing,High,Week 1,Knowledge Quiz,,1,,,Yes
POL-04-6.1,POL-04,Information Security Policy,2.0,Policy,6.1,Privileged Access,IT Support Engineers must use separate administrator accounts for privileged tasks.,Mandatory,Must Know,IT Support Engineer,Role-Specific,Privileged Access,High,Week 1,Knowledge Quiz,,1,,,Yes
POL-04-6.2,POL-04,Information Security Policy,2.0,Policy,6.2,Privileged Access,IT Support Engineers must remove the system access of leavers within 24 hours of receiving an HR exit notice.,Mandatory,Must Know,IT Support Engineer,Role-Specific,Privileged Access,High,Week 1,Knowledge Quiz,,1,,,Yes
POL-04-6.3,POL-04,Information Security Policy,2.0,Policy,6.3,Privileged Access,IT Support Engineers must demonstrate the secure device-setup checklist within 30 days of joining.,Mandatory,Must Demonstrate,IT Support Engineer,Role-Specific,Privileged Access,High,First 30 Days,Practical Assessment,POL-04-2.1,1,,,Yes
POL-05-2.1,POL-05,Workplace Conduct Policy,1.0,Policy,2.1,Professional Behaviour,Employees must treat customers and colleagues with respect and courtesy.,Mandatory,Must Know,Branch Manager; Customer Service Officer; Sales Executive; HR Executive; Finance Associate; Operations Coordinator; IT Support Engineer; Compliance Officer; Marketing Executive; Data Analyst; Cash Teller; Team Leader,All Roles,Professional Behaviour,Medium,Week 1,Knowledge Quiz,,1,,,Yes
POL-05-2.2,POL-05,Workplace Conduct Policy,1.0,Policy,2.2,Professional Behaviour,"Employees must not accept gifts worth more than PKR 5,000 from customers or vendors.",Mandatory,Must Know,Branch Manager; Customer Service Officer; Sales Executive; HR Executive; Finance Associate; Operations Coordinator; IT Support Engineer; Compliance Officer; Marketing Executive; Data Analyst; Cash Teller; Team Leader,All Roles,Professional Behaviour,Medium,Week 1,Knowledge Quiz,,1,,,Yes
POL-05-2.3,POL-05,Workplace Conduct Policy,1.0,Policy,2.3,Professional Behaviour,Employees must declare every gift received in the Gift Register within 3 working days.,Mandatory,Must Acknowledge,Branch Manager; Customer Service Officer; Sales Executive; HR Executive; Finance Associate; Operations Coordinator; IT Support Engineer; Compliance Officer; Marketing Executive; Data Analyst; Cash Teller; Team Leader,All Roles,Professional Behaviour,Medium,Week 1,Signed Acknowledgement,,1,,,Yes
POL-05-2.4,POL-05,Workplace Conduct Policy,1.0,Policy,2.4,Professional Behaviour,Employees must acknowledge the Code of Conduct on Day 1.,Mandatory,Must Acknowledge,Branch Manager; Customer Service Officer; Sales Executive; HR Executive; Finance Associate; Operations Coordinator; IT Support Engineer; Compliance Officer; Marketing Executive; Data Analyst; Cash Teller; Team Leader,All Roles,Professional Behaviour,High,Day 1,Signed Acknowledgement,,1,,,Yes
POL-05-3.1,POL-05,Workplace Conduct Policy,1.0,Policy,3.1,Harassment and Discrimination,Employees must not engage in any form of harassment or discrimination.,Mandatory,Must Know,Branch Manager; Customer Service Officer; Sales Executive; HR Executive; Finance Associate; Operations Coordinator; IT Support Engineer; Compliance Officer; Marketing Executive; Data Analyst; Cash Teller; Team Leader,All Roles,Harassment and Discrimination,Medium,Week 1,Knowledge Quiz,,1,,,Yes
POL-05-3.2,POL-05,Workplace Conduct Policy,1.0,Policy,3.2,Harassment and Discrimination,Employees should report harassment to HR or through the confidential helpline.,Recommended,Recommended,Branch Manager; Customer Service Officer; Sales Executive; HR Executive; Finance Associate; Operations Coordinator; IT Support Engineer; Compliance Officer; Marketing Executive; Data Analyst; Cash Teller; Team Leader,All Roles,Harassment and Discrimination,Low,Week 1,None,,1,,,Yes
POL-05-3.3,POL-05,Workplace Conduct Policy,1.0,Policy,3.3,Harassment and Discrimination,All employees must complete the Anti-Harassment Awareness module within 30 days of joining.,Mandatory,Must Complete,Branch Manager; Customer Service Officer; Sales Executive; HR Executive; Finance Associate; Operations Coordinator; IT Support Engineer; Compliance Officer; Marketing Executive; Data Analyst; Cash Teller; Team Leader,All Roles,Harassment and Discrimination,Medium,First 30 Days,Knowledge Quiz,,1,,,Yes
POL-05-4.1,POL-05,Workplace Conduct Policy,1.0,Policy,4.1,Conflict of Interest,Employees must declare any conflict of interest to HR within the first week of joining.,Mandatory,Must Acknowledge,Branch Manager; Customer Service Officer; Sales Executive; HR Executive; Finance Associate; Operations Coordinator; IT Support Engineer; Compliance Officer; Marketing Executive; Data Analyst; Cash Teller; Team Leader,All Roles,Conflict of Interest,Medium,Week 1,Signed Acknowledgement,,1,,,Yes
POL-05-4.2,POL-05,Workplace Conduct Policy,1.0,Policy,4.2,Conflict of Interest,Employees may undertake outside part-time work only with written approval from HR.,Optional,Optional,Branch Manager; Customer Service Officer; Sales Executive; HR Executive; Finance Associate; Operations Coordinator; IT Support Engineer; Compliance Officer; Marketing Executive; Data Analyst; Cash Teller; Team Leader,All Roles,Conflict of Interest,Low,Week 1,None,,1,,,Yes
POL-05-5.1,POL-05,Workplace Conduct Policy,1.0,Policy,5.1,Social Media,Employees must not post confidential bank information on social media.,Mandatory,Must Know,Branch Manager; Customer Service Officer; Sales Executive; HR Executive; Finance Associate; Operations Coordinator; IT Support Engineer; Compliance Officer; Marketing Executive; Data Analyst; Cash Teller; Team Leader,All Roles,Social Media,Medium,Week 1,Knowledge Quiz,,1,,,Yes
POL-05-5.2,POL-05,Workplace Conduct Policy,1.0,Policy,5.2,Social Media,Marketing Executives must use only the approved bank accounts when posting official content.,Mandatory,Must Know,Marketing Executive,Role-Specific,Social Media,Medium,Week 1,Knowledge Quiz,,1,,,Yes
POL-06-2.1,POL-06,Data Privacy Policy,2.0,Policy,2.1,Personal Data Handling,Employees must access customer personal data only when it is required for their assigned duties.,Mandatory,Must Know,Branch Manager; Customer Service Officer; Sales Executive; HR Executive; Finance Associate; Operations Coordinator; IT Support Engineer; Compliance Officer; Marketing Executive; Data Analyst; Cash Teller; Team Leader,All Roles,Personal Data Handling,High,Week 1,Knowledge Quiz,,1,,,Yes
POL-06-2.2,POL-06,Data Privacy Policy,2.0,Policy,2.2,Personal Data Handling,Employees must complete the Data Privacy Essentials module within 14 days of joining.,Mandatory,Must Complete,Branch Manager; Customer Service Officer; Sales Executive; HR Executive; Finance Associate; Operations Coordinator; IT Support Engineer; Compliance Officer; Marketing Executive; Data Analyst; Cash Teller; Team Leader,All Roles,Personal Data Handling,High,Week 2,Knowledge Quiz,POL-04-2.1,1,,,Yes
POL-06-2.3,POL-06,Data Privacy Policy,2.0,Policy,2.3,Personal Data Handling,Customer data must not be sent to personal email addresses or messaging apps.,Mandatory,Must Know,Branch Manager; Customer Service Officer; Sales Executive; HR Executive; Finance Associate; Operations Coordinator; IT Support Engineer; Compliance Officer; Marketing Executive; Data Analyst; Cash Teller; Team Leader,All Roles,Personal Data Handling,High,Week 1,Knowledge Quiz,,1,,,Yes
POL-06-3.1,POL-06,Data Privacy Policy,2.0,Policy,3.1,Customer-Facing Staff,Customer-facing staff must verify the identity of the customer using at least two identifiers before sharing account information.,Mandatory,Must Know,Customer Service Officer; Sales Executive; Cash Teller; Branch Manager,Role-Specific,Customer-Facing Staff,High,Week 1,Knowledge Quiz,,1,,,Yes
POL-06-3.2,POL-06,Data Privacy Policy,2.0,Policy,3.2,Customer-Facing Staff,Customer-facing staff must not write customer account numbers on paper notes.,Mandatory,Must Know,Customer Service Officer; Sales Executive; Cash Teller; Branch Manager,Role-Specific,Customer-Facing Staff,High,Week 1,Knowledge Quiz,,1,,,Yes
POL-06-3.3,POL-06,Data Privacy Policy,2.0,Policy,3.3,Customer-Facing Staff,Customer-facing staff should use the screen privacy filter provided at the counter.,Recommended,Recommended,Customer Service Officer; Sales Executive; Cash Teller; Branch Manager,Role-Specific,Customer-Facing Staff,Low,Week 1,None,,1,,,Yes
POL-06-4.1,POL-06,Data Privacy Policy,2.0,Policy,4.1,Data Retention,Customer transaction records must be retained for 10 years from the date of account closure.,Mandatory,Must Know,Compliance Officer; Operations Coordinator; Data Analyst,Role-Specific,Data Retention,High,Week 1,Knowledge Quiz,,1,,,Yes
POL-06-4.2,POL-06,Data Privacy Policy,2.0,Policy,4.2,Data Retention,Records past their retention period must be destroyed using the approved secure disposal process.,Mandatory,Must Know,Compliance Officer; Operations Coordinator; Data Analyst,Role-Specific,Data Retention,High,Week 1,Knowledge Quiz,,1,,,Yes
POL-06-5.1,POL-06,Data Privacy Policy,2.0,Policy,5.1,Data Breach,Any suspected data breach must be reported to the Compliance Officer within 2 hours.,Mandatory,Must Know,Branch Manager; Customer Service Officer; Sales Executive; HR Executive; Finance Associate; Operations Coordinator; IT Support Engineer; Compliance Officer; Marketing Executive; Data Analyst; Cash Teller; Team Leader,All Roles,Data Breach,High,Week 1,Knowledge Quiz,,1,,,Yes
POL-06-5.2,POL-06,Data Privacy Policy,2.0,Policy,5.2,Data Breach,Compliance Officers must notify the regulator of a confirmed breach within 72 hours.,Mandatory,Must Know,Compliance Officer,Role-Specific,Data Breach,High,Week 1,Knowledge Quiz,,1,,,Yes
POL-06-6.1,POL-06,Data Privacy Policy,2.0,Policy,6.1,Analytics,Data Analysts must use anonymised or masked data sets for analysis and reporting.,Mandatory,Must Know,Data Analyst,Role-Specific,Analytics,High,Week 1,Knowledge Quiz,,1,,,Yes
POL-06-6.2,POL-06,Data Privacy Policy,2.0,Policy,6.2,Analytics,Data Analysts must not export customer-level data outside the analytics environment.,Mandatory,Must Know,Data Analyst,Role-Specific,Analytics,High,Week 1,Knowledge Quiz,,1,,,Yes
POL-06-6.3,POL-06,Data Privacy Policy,2.0,Policy,6.3,Analytics,Data Analysts may use aggregated data in presentations without further approval.,Optional,Optional,Data Analyst,Role-Specific,Analytics,Low,Week 1,None,,1,,,Yes
POL-07-2.1,POL-07,AML and KYC Compliance Policy,2.0,Policy,2.1,AML Training,Staff in scope must complete the AML and KYC Fundamentals module within 14 days of joining.,Mandatory,Must Complete,Branch Manager; Customer Service Officer; Sales Executive; Cash Teller; Compliance Officer; Operations Coordinator,Role-Specific,AML Training,High,Week 2,Knowledge Quiz,,1,Prevails over CMP-01-3.1,,Yes
POL-07-2.2,POL-07,AML and KYC Compliance Policy,2.0,Policy,2.2,AML Training,Staff in scope must pass the AML assessment with a minimum score of 80%.,Mandatory,Must Complete,Branch Manager; Customer Service Officer; Sales Executive; Cash Teller; Compliance Officer; Operations Coordinator,Role-Specific,AML Training,High,Week 1,Knowledge Quiz,,1,,,Yes
POL-07-3.1,POL-07,AML and KYC Compliance Policy,2.0,Policy,3.1,Customer Due Diligence,Staff must verify the CNIC of the customer through the NADRA verification system before opening any account.,Mandatory,Must Know,Sales Executive; Customer Service Officer; Branch Manager; Cash Teller,Role-Specific,Customer Due Diligence,High,Week 1,Knowledge Quiz,,1,,,Yes
POL-07-3.2,POL-07,AML and KYC Compliance Policy,2.0,Policy,3.2,Customer Due Diligence,"Staff must obtain source-of-income documents for accounts expected to receive more than PKR 1,000,000 per month.",Mandatory,Must Know,Sales Executive; Customer Service Officer; Branch Manager; Cash Teller,Role-Specific,Customer Due Diligence,High,Week 1,Knowledge Quiz,,1,,,Yes
POL-07-3.3,POL-07,AML and KYC Compliance Policy,2.0,Policy,3.3,Customer Due Diligence,Enhanced due diligence must be applied to politically exposed persons (PEPs).,Mandatory,Must Know,Sales Executive; Customer Service Officer; Branch Manager; Cash Teller,Role-Specific,Customer Due Diligence,High,Week 1,Knowledge Quiz,,1,,,Yes
POL-07-4.1,POL-07,AML and KYC Compliance Policy,2.0,Policy,4.1,Suspicious Activity,Staff must report any suspicious transaction to the Compliance Officer on the same working day.,Mandatory,Must Know,Sales Executive; Customer Service Officer; Branch Manager; Cash Teller; Operations Coordinator,Role-Specific,Suspicious Activity,High,Week 1,Knowledge Quiz,,1,,,Yes
POL-07-4.2,POL-07,AML and KYC Compliance Policy,2.0,Policy,4.2,Suspicious Activity,Staff must not inform the customer that a suspicious activity report has been filed.,Mandatory,Must Know,Sales Executive; Customer Service Officer; Branch Manager; Cash Teller; Operations Coordinator,Role-Specific,Suspicious Activity,High,Week 1,Knowledge Quiz,,1,,,Yes
POL-07-5.1,POL-07,AML and KYC Compliance Policy,2.0,Policy,5.1,Cash Thresholds,"If a single cash deposit exceeds PKR 2,000,000, the Cash Teller must obtain Branch Manager approval before processing it.",Mandatory,Must Know,Cash Teller; Branch Manager,Role-Specific,Cash Thresholds,High,Week 1,Knowledge Quiz,,1,,,Yes
POL-07-5.2,POL-07,AML and KYC Compliance Policy,2.0,Policy,5.2,Cash Thresholds,Branch Managers must review the daily large-cash transaction report before close of business.,Mandatory,Must Know,Cash Teller; Branch Manager,Role-Specific,Cash Thresholds,High,Week 1,Knowledge Quiz,,1,,,Yes
POL-07-6.1,POL-07,AML and KYC Compliance Policy,2.0,Policy,6.1,Compliance Monitoring,Compliance Officers must file Suspicious Transaction Reports with the Financial Monitoring Unit within 7 days of detection.,Mandatory,Must Know,Compliance Officer,Role-Specific,Compliance Monitoring,High,Week 1,Knowledge Quiz,,1,,,Yes
POL-07-6.2,POL-07,AML and KYC Compliance Policy,2.0,Policy,6.2,Compliance Monitoring,Compliance Officers must perform monthly sample testing of KYC files.,Mandatory,Must Know,Compliance Officer,Role-Specific,Compliance Monitoring,High,Week 1,Knowledge Quiz,,1,,,Yes
POL-07-6.3,POL-07,AML and KYC Compliance Policy,2.0,Policy,6.3,Compliance Monitoring,Compliance Officers should maintain a watch list of high-risk customers.,Recommended,Recommended,Compliance Officer,Role-Specific,Compliance Monitoring,Low,Week 1,None,,1,,,Yes
POL-08-2.1,POL-08,Fraud Prevention and Whistleblowing Policy,1.0,Policy,2.1,Fraud Awareness,All employees must complete the Fraud Awareness module within 30 days of joining.,Mandatory,Must Complete,Branch Manager; Customer Service Officer; Sales Executive; HR Executive; Finance Associate; Operations Coordinator; IT Support Engineer; Compliance Officer; Marketing Executive; Data Analyst; Cash Teller; Team Leader,All Roles,Fraud Awareness,High,First 30 Days,Knowledge Quiz,,1,,,Yes
POL-08-2.2,POL-08,Fraud Prevention and Whistleblowing Policy,1.0,Policy,2.2,Fraud Awareness,Employees must report suspected fraud through the whistleblowing channel or to the Compliance Officer.,Mandatory,Must Know,Branch Manager; Customer Service Officer; Sales Executive; HR Executive; Finance Associate; Operations Coordinator; IT Support Engineer; Compliance Officer; Marketing Executive; Data Analyst; Cash Teller; Team Leader,All Roles,Fraud Awareness,High,Week 1,Knowledge Quiz,,1,,,Yes
POL-08-3.1,POL-08,Fraud Prevention and Whistleblowing Policy,1.0,Policy,3.1,Whistleblowing,Employees may report concerns anonymously through the confidential hotline.,Optional,Optional,Branch Manager; Customer Service Officer; Sales Executive; HR Executive; Finance Associate; Operations Coordinator; IT Support Engineer; Compliance Officer; Marketing Executive; Data Analyst; Cash Teller; Team Leader,All Roles,Whistleblowing,Low,Week 1,None,,1,,,Yes
POL-08-3.2,POL-08,Fraud Prevention and Whistleblowing Policy,1.0,Policy,3.2,Whistleblowing,Employees must not attempt to investigate suspected fraud on their own.,Mandatory,Must Know,Branch Manager; Customer Service Officer; Sales Executive; HR Executive; Finance Associate; Operations Coordinator; IT Support Engineer; Compliance Officer; Marketing Executive; Data Analyst; Cash Teller; Team Leader,All Roles,Whistleblowing,High,Week 1,Knowledge Quiz,,1,,,Yes
POL-08-4.1,POL-08,Fraud Prevention and Whistleblowing Policy,1.0,Policy,4.1,Segregation of Duties,The same employee must not both initiate and approve a payment.,Mandatory,Must Know,Finance Associate; Operations Coordinator; Cash Teller,Role-Specific,Segregation of Duties,High,Week 1,Knowledge Quiz,,1,,,Yes
POL-08-4.2,POL-08,Fraud Prevention and Whistleblowing Policy,1.0,Policy,4.2,Segregation of Duties,Staff must use the maker-checker process for all payments and cash adjustments.,Mandatory,Must Know,Finance Associate; Operations Coordinator; Cash Teller,Role-Specific,Segregation of Duties,High,Week 1,Knowledge Quiz,,1,,,Yes
POL-08-5.1,POL-08,Fraud Prevention and Whistleblowing Policy,1.0,Policy,5.1,Investigation,Compliance Officers must log every fraud report in the case management system within 24 hours.,Mandatory,Must Know,Compliance Officer,Role-Specific,Investigation,High,Week 1,Knowledge Quiz,,1,,,Yes
POL-08-5.2,POL-08,Fraud Prevention and Whistleblowing Policy,1.0,Policy,5.2,Investigation,"Compliance Officers must escalate fraud cases above PKR 500,000 to the Head of Compliance.",Mandatory,Must Know,Compliance Officer,Role-Specific,Investigation,High,Week 1,Knowledge Quiz,,1,,,Yes
SOP-01-2.1,SOP-01,Customer Complaint Handling Procedure,1.0,SOP,2.1,Receiving Complaints,Staff must log every customer complaint in the Complaint Management System (CMS) at the time it is received.,Mandatory,Must Know,Customer Service Officer; Cash Teller; Sales Executive; Branch Manager,Role-Specific,Receiving Complaints,Medium,Week 2,Knowledge Quiz,,3,,,Yes
SOP-01-2.2,SOP-01,Customer Complaint Handling Procedure,1.0,SOP,2.2,Receiving Complaints,Staff must give the customer a complaint reference number.,Mandatory,Must Know,Customer Service Officer; Cash Teller; Sales Executive; Branch Manager,Role-Specific,Receiving Complaints,Medium,Week 2,Knowledge Quiz,,3,,,Yes
SOP-01-2.3,SOP-01,Customer Complaint Handling Procedure,1.0,SOP,2.3,Receiving Complaints,Staff should apologise for the inconvenience without admitting liability.,Recommended,Recommended,Customer Service Officer; Cash Teller; Sales Executive; Branch Manager,Role-Specific,Receiving Complaints,Low,Week 2,None,,3,,,Yes
SOP-01-3.1,SOP-01,Customer Complaint Handling Procedure,1.0,SOP,3.1,Resolution,Customer Service Officers must acknowledge each complaint within 24 hours.,Mandatory,Must Acknowledge,Customer Service Officer,Role-Specific,Resolution,Medium,Week 2,Signed Acknowledgement,,3,,,Yes
SOP-01-3.2,SOP-01,Customer Complaint Handling Procedure,1.0,SOP,3.2,Resolution,Customer Service Officers must resolve standard complaints within 5 working days.,Mandatory,Must Know,Customer Service Officer,Role-Specific,Resolution,Medium,Week 2,Knowledge Quiz,,3,,,Yes
SOP-01-3.3,SOP-01,Customer Complaint Handling Procedure,1.0,SOP,3.3,Resolution,Unresolved complaints must be escalated to the Branch Manager after 48 hours.,Mandatory,Must Know,Customer Service Officer,Role-Specific,Resolution,Medium,Week 2,Knowledge Quiz,,3,Overridden by SOP-02-2.2 (C04),,No
SOP-01-3.4,SOP-01,Customer Complaint Handling Procedure,1.0,SOP,3.4,Resolution,Customer Service Officers must demonstrate complaint logging in the CMS training environment within the first week of joining.,Mandatory,Must Demonstrate,Customer Service Officer,Role-Specific,Resolution,Medium,Week 1,Practical Assessment,,3,,,Yes
SOP-01-4.1,SOP-01,Customer Complaint Handling Procedure,1.0,SOP,4.1,Closure,Complaints must be closed only after the customer confirms resolution or 7 days pass without a response.,Mandatory,Must Complete,Customer Service Officer; Branch Manager,Role-Specific,Closure,Medium,Week 2,Knowledge Quiz,,3,,,Yes
SOP-01-4.2,SOP-01,Customer Complaint Handling Procedure,1.0,SOP,4.2,Closure,Branch Managers must review all complaints closed in their branch every week.,Mandatory,Must Know,Customer Service Officer; Branch Manager,Role-Specific,Closure,Medium,Week 2,Knowledge Quiz,,3,,,Yes
SOP-01-4.3,SOP-01,Customer Complaint Handling Procedure,1.0,SOP,4.3,Closure,"Staff may offer a goodwill gesture of up to PKR 2,000 with Branch Manager approval.",Optional,Optional,Customer Service Officer; Branch Manager,Role-Specific,Closure,Low,Week 2,None,,3,,,Yes
SOP-02-2.2,SOP-02,Escalation Procedure,2.0,SOP,2.2,Escalation Levels,Unresolved customer complaints must be escalated to the Branch Manager within 24 hours.,Mandatory,Must Know,Customer Service Officer; Branch Manager; Operations Coordinator; Team Leader,Role-Specific,Escalation Levels,Medium,Week 2,Knowledge Quiz,,3,Prevails over SOP-01-3.3,,Yes
SOP-02-2.3,SOP-02,Escalation Procedure,2.0,SOP,2.3,Escalation Levels,Issues unresolved at branch level must be escalated to the Regional Office within 3 working days.,Mandatory,Must Know,Customer Service Officer; Branch Manager; Operations Coordinator; Team Leader,Role-Specific,Escalation Levels,Medium,Week 2,Knowledge Quiz,,3,,,Yes
SOP-02-2.4,SOP-02,Escalation Procedure,2.0,SOP,2.4,Escalation Levels,Every escalation must be recorded in the CMS together with the reason for escalation.,Mandatory,Must Know,Customer Service Officer; Branch Manager; Operations Coordinator; Team Leader,Role-Specific,Escalation Levels,Medium,Week 2,Knowledge Quiz,,3,,,Yes
SOP-02-3.1,SOP-02,Escalation Procedure,2.0,SOP,3.1,Operational Incidents,Operations Coordinators must escalate system outages affecting customers to IT Support within 15 minutes.,Mandatory,Must Know,Operations Coordinator; Team Leader,Role-Specific,Operational Incidents,Medium,Week 2,Knowledge Quiz,,3,,,Yes
SOP-02-3.2,SOP-02,Escalation Procedure,2.0,SOP,3.2,Operational Incidents,Team Leaders must inform the Branch Manager of any incident affecting more than 10 customers.,Mandatory,Must Know,Operations Coordinator; Team Leader,Role-Specific,Operational Incidents,Medium,Week 2,Knowledge Quiz,,3,,,Yes
SOP-02-3.3,SOP-02,Escalation Procedure,2.0,SOP,3.3,Operational Incidents,Team Leaders should hold a short debrief with the team after every major incident.,Recommended,Recommended,Operations Coordinator; Team Leader,Role-Specific,Operational Incidents,Low,Week 2,None,,3,,,Yes
SOP-02-4.1,SOP-02,Escalation Procedure,2.0,SOP,4.1,Training,Staff in scope must complete the Escalation Procedure module within 14 days of joining.,Mandatory,Must Complete,Customer Service Officer; Branch Manager; Operations Coordinator; Team Leader,Role-Specific,Training,Medium,Week 2,Knowledge Quiz,SOP-01-3.4,3,,,Yes
SOP-02-4.2,SOP-02,Escalation Procedure,2.0,SOP,4.2,Training,Staff in scope must demonstrate the escalation workflow in a role-play scenario within 30 days of joining.,Mandatory,Must Demonstrate,Customer Service Officer; Branch Manager; Operations Coordinator; Team Leader,Role-Specific,Training,Medium,First 30 Days,Practical Assessment,,3,,,Yes
SOP-03-2.1,SOP-03,Account Opening and KYC Procedure,2.0,SOP,2.1,Customer Onboarding,Staff must complete the Account Opening Form with all mandatory fields before submission.,Mandatory,Must Complete,Sales Executive; Customer Service Officer,Role-Specific,Customer Onboarding,Medium,Week 2,Knowledge Quiz,,3,,,Yes
SOP-03-2.2,SOP-03,Account Opening and KYC Procedure,2.0,SOP,2.2,Customer Onboarding,Staff must verify the CNIC of the customer through NADRA verification before opening the account.,Mandatory,Must Know,Sales Executive; Customer Service Officer,Role-Specific,Customer Onboarding,Medium,Week 2,Knowledge Quiz,,3,,POL-07-3.1,Yes
SOP-03-2.3,SOP-03,Account Opening and KYC Procedure,2.0,SOP,2.3,Customer Onboarding,Staff must capture the photograph and digital signature of the customer in the core banking system.,Mandatory,Must Know,Sales Executive; Customer Service Officer,Role-Specific,Customer Onboarding,Medium,Week 2,Knowledge Quiz,,3,,,Yes
SOP-03-2.4,SOP-03,Account Opening and KYC Procedure,2.0,SOP,2.4,Customer Onboarding,Staff should explain the account fee schedule to the customer.,Recommended,Recommended,Sales Executive; Customer Service Officer,Role-Specific,Customer Onboarding,Low,Week 2,None,,3,,,Yes
SOP-03-3.1,SOP-03,Account Opening and KYC Procedure,2.0,SOP,3.1,Approval,Every new account must be approved by the Branch Manager before activation.,Mandatory,Must Know,Sales Executive; Branch Manager,Role-Specific,Approval,Medium,Week 2,Knowledge Quiz,,3,Prevails over RD-01-3.3,,Yes
SOP-03-3.2,SOP-03,Account Opening and KYC Procedure,2.0,SOP,3.2,Approval,Branch Managers must approve or return account applications within 1 working day.,Mandatory,Must Know,Sales Executive; Branch Manager,Role-Specific,Approval,Medium,Week 2,Knowledge Quiz,,3,,,Yes
SOP-03-4.1,SOP-03,Account Opening and KYC Procedure,2.0,SOP,4.1,High-Risk Customers,Accounts for high-risk customers must be referred to the Compliance Officer before approval.,Mandatory,Must Know,Sales Executive; Branch Manager; Compliance Officer,Role-Specific,High-Risk Customers,Medium,Week 2,Knowledge Quiz,,3,,,Yes
SOP-03-4.2,SOP-03,Account Opening and KYC Procedure,2.0,SOP,4.2,High-Risk Customers,Compliance Officers must complete the high-risk review within 2 working days.,Mandatory,Must Complete,Sales Executive; Branch Manager; Compliance Officer,Role-Specific,High-Risk Customers,Medium,Week 2,Knowledge Quiz,,3,,,Yes
SOP-03-5.1,SOP-03,Account Opening and KYC Procedure,2.0,SOP,5.1,Training,Staff in scope must demonstrate opening a test account in the training system within 14 days of joining.,Mandatory,Must Demonstrate,Sales Executive; Customer Service Officer; Branch Manager,Role-Specific,Training,Medium,Week 2,Practical Assessment,POL-07-2.1,3,,,Yes
SOP-04-2.1,SOP-04,Cash Handling and Vault Procedure,2.0,SOP,2.1,Teller Cash Limits,"Cash Tellers must not hold more than PKR 1,500,000 in their counter drawer at any time.",Mandatory,Must Know,Cash Teller,Role-Specific,Teller Cash Limits,Medium,Week 2,Knowledge Quiz,,3,,,Yes
SOP-04-2.2,SOP-04,Cash Handling and Vault Procedure,2.0,SOP,2.2,Teller Cash Limits,Excess cash must be transferred to the vault immediately using the vault transfer slip.,Mandatory,Must Know,Cash Teller,Role-Specific,Teller Cash Limits,Medium,Week 2,Knowledge Quiz,,3,,,Yes
SOP-04-2.3,SOP-04,Cash Handling and Vault Procedure,2.0,SOP,2.3,Teller Cash Limits,Cash Tellers must count cash in front of the customer and under CCTV coverage.,Mandatory,Must Know,Cash Teller,Role-Specific,Teller Cash Limits,Medium,Week 2,Knowledge Quiz,,3,,,Yes
SOP-04-2.4,SOP-04,Cash Handling and Vault Procedure,2.0,SOP,2.4,Teller Cash Limits,Cash Tellers must balance their cash drawer at the end of each working day.,Mandatory,Must Know,Cash Teller,Role-Specific,Teller Cash Limits,Medium,Week 2,Knowledge Quiz,,3,,,Yes
SOP-04-3.1,SOP-04,Cash Handling and Vault Procedure,2.0,SOP,3.1,Vault Control,The vault must be opened only under dual control by two authorised staff members.,Mandatory,Must Know,Branch Manager; Operations Coordinator,Role-Specific,Vault Control,Medium,Week 2,Knowledge Quiz,,3,,,Yes
SOP-04-3.2,SOP-04,Cash Handling and Vault Procedure,2.0,SOP,3.2,Vault Control,Vault keys and combination codes must be held by different people.,Mandatory,Must Know,Branch Manager; Operations Coordinator,Role-Specific,Vault Control,Medium,Week 2,Knowledge Quiz,,3,,,Yes
SOP-04-3.3,SOP-04,Cash Handling and Vault Procedure,2.0,SOP,3.3,Vault Control,Operations Coordinators must reconcile the vault balance with the core banking system daily.,Mandatory,Must Know,Branch Manager; Operations Coordinator,Role-Specific,Vault Control,Medium,Week 2,Knowledge Quiz,,3,,,Yes
SOP-04-4.1,SOP-04,Cash Handling and Vault Procedure,2.0,SOP,4.1,Shortages and Excesses,"Any cash shortage or excess above PKR 1,000 must be reported to the Branch Manager immediately.",Mandatory,Must Know,Cash Teller; Branch Manager,Role-Specific,Shortages and Excesses,Medium,Week 2,Knowledge Quiz,,3,,,Yes
SOP-04-4.2,SOP-04,Cash Handling and Vault Procedure,2.0,SOP,4.2,Shortages and Excesses,Branch Managers must record shortages in the incident register and inform Operations on the same day.,Mandatory,Must Know,Cash Teller; Branch Manager,Role-Specific,Shortages and Excesses,Medium,Week 2,Knowledge Quiz,,3,,,Yes
SOP-04-5.1,SOP-04,Cash Handling and Vault Procedure,2.0,SOP,5.1,Counterfeit Notes,Cash Tellers must check every high-value note using the counterfeit detection machine.,Mandatory,Must Know,Cash Teller,Role-Specific,Counterfeit Notes,Medium,Week 2,Knowledge Quiz,,3,,,Yes
SOP-04-5.2,SOP-04,Cash Handling and Vault Procedure,2.0,SOP,5.2,Counterfeit Notes,Cash Tellers should retain suspected counterfeit notes and issue a receipt to the customer.,Recommended,Recommended,Cash Teller,Role-Specific,Counterfeit Notes,Low,Week 2,None,,3,,,Yes
SOP-04-6.1,SOP-04,Cash Handling and Vault Procedure,2.0,SOP,6.1,Training,Staff in scope must demonstrate the cash drawer balancing procedure under supervision within the first week of joining.,Mandatory,Must Demonstrate,Cash Teller; Branch Manager; Operations Coordinator,Role-Specific,Training,Medium,Week 1,Practical Assessment,,3,,,Yes
SOP-05-2.1,SOP-05,IT Incident and Access Request Procedure,2.0,SOP,2.1,Access Requests,System access must be requested by the reporting manager through the IT Service Portal.,Mandatory,Must Know,Branch Manager; Customer Service Officer; Sales Executive; HR Executive; Finance Associate; Operations Coordinator; IT Support Engineer; Compliance Officer; Marketing Executive; Data Analyst; Cash Teller; Team Leader,All Roles,Access Requests,Medium,Week 2,Knowledge Quiz,,3,,,Yes
SOP-05-2.3,SOP-05,IT Incident and Access Request Procedure,2.0,SOP,2.3,Access Requests,Employees must not use the account of another employee while waiting for their own access.,Mandatory,Must Know,Branch Manager; Customer Service Officer; Sales Executive; HR Executive; Finance Associate; Operations Coordinator; IT Support Engineer; Compliance Officer; Marketing Executive; Data Analyst; Cash Teller; Team Leader,All Roles,Access Requests,Medium,Week 2,Knowledge Quiz,,3,,,Yes
SOP-05-3.1,SOP-05,IT Incident and Access Request Procedure,2.0,SOP,3.1,Incident Reporting,Employees must report IT incidents through the IT Service Portal or by calling extension 1100.,Mandatory,Must Know,Branch Manager; Customer Service Officer; Sales Executive; HR Executive; Finance Associate; Operations Coordinator; IT Support Engineer; Compliance Officer; Marketing Executive; Data Analyst; Cash Teller; Team Leader,All Roles,Incident Reporting,Medium,Week 2,Knowledge Quiz,,3,,,Yes
SOP-05-3.2,SOP-05,IT Incident and Access Request Procedure,2.0,SOP,3.2,Incident Reporting,Employees should include screenshots of error messages when reporting an incident.,Recommended,Recommended,Branch Manager; Customer Service Officer; Sales Executive; HR Executive; Finance Associate; Operations Coordinator; IT Support Engineer; Compliance Officer; Marketing Executive; Data Analyst; Cash Teller; Team Leader,All Roles,Incident Reporting,Low,Week 2,None,,3,,,Yes
SOP-05-4.1,SOP-05,IT Incident and Access Request Procedure,2.0,SOP,4.1,Incident Handling,IT Support Engineers must acknowledge Priority 1 incidents within 15 minutes.,Mandatory,Must Acknowledge,IT Support Engineer,Role-Specific,Incident Handling,Medium,Week 2,Signed Acknowledgement,,3,,,Yes
SOP-05-4.2,SOP-05,IT Incident and Access Request Procedure,2.0,SOP,4.2,Incident Handling,IT Support Engineers must resolve Priority 2 incidents within 8 working hours.,Mandatory,Must Know,IT Support Engineer,Role-Specific,Incident Handling,Medium,Week 2,Knowledge Quiz,,3,,,Yes
SOP-05-4.3,SOP-05,IT Incident and Access Request Procedure,2.0,SOP,4.3,Incident Handling,IT Support Engineers must fulfil approved access requests within 3 working days.,Mandatory,Must Know,IT Support Engineer,Role-Specific,Incident Handling,Medium,Week 2,Knowledge Quiz,,3,,,Yes
SOP-05-4.4,SOP-05,IT Incident and Access Request Procedure,2.0,SOP,4.4,Incident Handling,IT Support Engineers must document the root cause of every Priority 1 incident.,Mandatory,Must Know,IT Support Engineer,Role-Specific,Incident Handling,Medium,Week 2,Knowledge Quiz,,3,,,Yes
SOP-05-4.5,SOP-05,IT Incident and Access Request Procedure,2.0,SOP,4.5,Incident Handling,IT Support Engineers must complete the IT Service Portal administration training within the first week of joining.,Mandatory,Must Complete,IT Support Engineer,Role-Specific,Incident Handling,Medium,Week 1,Knowledge Quiz,,3,,,Yes
SOP-05-4.6,SOP-05,IT Incident and Access Request Procedure,2.0,SOP,4.6,Incident Handling,IT Support Engineers may use remote-support tools only after obtaining the consent of the user.,Optional,Optional,IT Support Engineer,Role-Specific,Incident Handling,Low,Week 2,None,,3,,,Yes
SOP-06-2.1,SOP-06,Expense and Payment Processing Procedure,1.0,SOP,2.1,Expense Claims,Employees must submit expense claims with original receipts within 30 days of incurring the expense.,Mandatory,Must Complete,Branch Manager; Customer Service Officer; Sales Executive; HR Executive; Finance Associate; Operations Coordinator; IT Support Engineer; Compliance Officer; Marketing Executive; Data Analyst; Cash Teller; Team Leader,All Roles,Expense Claims,Medium,Week 2,Knowledge Quiz,,3,,,Yes
SOP-06-3.1,SOP-06,Expense and Payment Processing Procedure,1.0,SOP,3.1,Payment Processing,Finance Associates must verify vendor details against the approved vendor master before processing any payment.,Mandatory,Must Know,Finance Associate,Role-Specific,Payment Processing,Medium,Week 2,Knowledge Quiz,,3,,,Yes
SOP-06-3.2,SOP-06,Expense and Payment Processing Procedure,1.0,SOP,3.2,Payment Processing,Finance Associates must process approved vendor invoices within 7 working days.,Mandatory,Must Know,Finance Associate,Role-Specific,Payment Processing,Medium,Week 2,Knowledge Quiz,,3,,,Yes
SOP-06-3.3,SOP-06,Expense and Payment Processing Procedure,1.0,SOP,3.3,Payment Processing,"Payments above PKR 1,000,000 must be approved by the Chief Financial Officer.",Mandatory,Must Know,Finance Associate,Role-Specific,Payment Processing,Medium,Week 2,Knowledge Quiz,,3,,,Yes
SOP-06-3.4,SOP-06,Expense and Payment Processing Procedure,1.0,SOP,3.4,Payment Processing,Finance Associates must not process a payment to a vendor whose bank details changed in the last 5 days without call-back verification.,Mandatory,Must Know,Finance Associate,Role-Specific,Payment Processing,Medium,Week 2,Knowledge Quiz,,3,,,Yes
SOP-06-3.5,SOP-06,Expense and Payment Processing Procedure,1.0,SOP,3.5,Payment Processing,Finance Associates must demonstrate a complete maker-checker payment cycle in the finance training system within 30 days of joining.,Mandatory,Must Demonstrate,Finance Associate,Role-Specific,Payment Processing,Medium,First 30 Days,Practical Assessment,POL-08-2.1,3,,,Yes
SOP-06-4.1,SOP-06,Expense and Payment Processing Procedure,1.0,SOP,4.1,Month-End Close,Finance Associates must complete bank reconciliations by the 5th working day of each month.,Mandatory,Must Complete,Finance Associate,Role-Specific,Month-End Close,Medium,Week 2,Knowledge Quiz,,3,,,Yes
SOP-06-4.2,SOP-06,Expense and Payment Processing Procedure,1.0,SOP,4.2,Month-End Close,Finance Associates should prepare variance explanations for differences above 5%.,Recommended,Recommended,Finance Associate,Role-Specific,Month-End Close,Low,Week 2,None,,3,,,Yes
SOP-06-5.1,SOP-06,Expense and Payment Processing Procedure,1.0,SOP,5.1,Branch Expenses,"Branch Managers must approve branch petty cash expenses up to PKR 25,000 per month.",Mandatory,Must Know,Branch Manager,Role-Specific,Branch Expenses,Medium,Week 2,Knowledge Quiz,,3,,,Yes
SOP-06-5.2,SOP-06,Expense and Payment Processing Procedure,1.0,SOP,5.2,Branch Expenses,Branch Managers may delegate petty cash approval to a Team Leader in writing.,Optional,Optional,Branch Manager,Role-Specific,Branch Expenses,Low,Week 2,None,,3,,,Yes
SOP-07-2.1,SOP-07,Marketing Content Approval Procedure,1.0,SOP,2.1,Content Creation,Marketing Executives must follow the Brand Guidelines (MKT-GD-01) for all external content.,Mandatory,Must Know,Marketing Executive,Role-Specific,Content Creation,Medium,Week 2,Knowledge Quiz,,3,,,Yes
SOP-07-2.2,SOP-07,Marketing Content Approval Procedure,1.0,SOP,2.2,Content Creation,Marketing Executives must not publish interest rates or offers that have not been approved by the Product team.,Mandatory,Must Know,Marketing Executive,Role-Specific,Content Creation,Medium,Week 2,Knowledge Quiz,,3,,,Yes
SOP-07-2.3,SOP-07,Marketing Content Approval Procedure,1.0,SOP,2.3,Content Creation,Marketing Executives should prepare content at least 10 working days before the campaign launch.,Recommended,Recommended,Marketing Executive,Role-Specific,Content Creation,Low,Week 2,None,,3,,,Yes
SOP-07-2.4,SOP-07,Marketing Content Approval Procedure,1.0,SOP,2.4,Content Creation,Marketing Executives must include the regulatory disclaimer on every advertisement for a financial product.,Mandatory,Must Know,Marketing Executive,Role-Specific,Content Creation,Medium,Week 2,Knowledge Quiz,,3,,,Yes
SOP-07-3.1,SOP-07,Marketing Content Approval Procedure,1.0,SOP,3.1,Approval,All external marketing content must be reviewed by the Compliance Officer before publication.,Mandatory,Must Know,Marketing Executive; Compliance Officer,Role-Specific,Approval,Medium,Week 2,Knowledge Quiz,,3,,,Yes
SOP-07-3.2,SOP-07,Marketing Content Approval Procedure,1.0,SOP,3.2,Approval,Compliance Officers must complete marketing content reviews within 3 working days.,Mandatory,Must Complete,Marketing Executive; Compliance Officer,Role-Specific,Approval,Medium,Week 2,Knowledge Quiz,,3,,,Yes
SOP-07-3.3,SOP-07,Marketing Content Approval Procedure,1.0,SOP,3.3,Approval,Approved content must be stored in the Marketing Content Library with its approval reference.,Mandatory,Must Know,Marketing Executive; Compliance Officer,Role-Specific,Approval,Medium,Week 2,Knowledge Quiz,,3,,,Yes
SOP-07-4.1,SOP-07,Marketing Content Approval Procedure,1.0,SOP,4.1,Customer Data in Marketing,Marketing Executives must include only customers who have given marketing consent in campaign lists.,Mandatory,Must Know,Marketing Executive,Role-Specific,Customer Data in Marketing,Medium,Week 2,Knowledge Quiz,,3,,,Yes
SOP-07-4.2,SOP-07,Marketing Content Approval Procedure,1.0,SOP,4.2,Customer Data in Marketing,Marketing Executives must request campaign data from the Data Analytics team using the data request form described in SOP-08.,Mandatory,Must Know,Marketing Executive,Role-Specific,Customer Data in Marketing,Medium,Week 2,Knowledge Quiz,,3,,,Yes
SOP-07-5.1,SOP-07,Marketing Content Approval Procedure,1.0,SOP,5.1,Training,Marketing Executives must complete the Responsible Marketing module within 30 days of joining.,Mandatory,Must Complete,Marketing Executive,Role-Specific,Training,Medium,First 30 Days,Knowledge Quiz,,3,,,Yes
SOP-08-2.1,SOP-08,Data Access and Reporting Procedure,1.0,SOP,2.1,Data Access,Data Analysts must request access to production data sources through the IT Service Portal as described in SOP-05.,Mandatory,Must Know,Data Analyst,Role-Specific,Data Access,Medium,Week 2,Knowledge Quiz,POL-06-2.2,3,,,Yes
SOP-08-2.2,SOP-08,Data Access and Reporting Procedure,1.0,SOP,2.2,Data Access,Data Analysts must complete Information Security Basics and Data Privacy Essentials before being granted data access.,Mandatory,Must Complete,Data Analyst,Role-Specific,Data Access,Medium,Week 2,Knowledge Quiz,,3,,,Yes
SOP-08-2.3,SOP-08,Data Access and Reporting Procedure,1.0,SOP,2.3,Data Access,Data Analysts must use only the approved analytics tools listed in the IT Tools Catalogue.,Mandatory,Must Know,Data Analyst,Role-Specific,Data Access,Medium,Week 2,Knowledge Quiz,,3,,,Yes
SOP-08-3.1,SOP-08,Data Access and Reporting Procedure,1.0,SOP,3.1,Report Production,Every management report must state its data source and extraction date.,Mandatory,Must Know,Data Analyst,Role-Specific,Report Production,Medium,Week 2,Knowledge Quiz,,3,,,Yes
SOP-08-3.2,SOP-08,Data Access and Reporting Procedure,1.0,SOP,3.2,Report Production,Data Analysts must have each new report peer-reviewed by another analyst before release.,Mandatory,Must Know,Data Analyst,Role-Specific,Report Production,Medium,Week 2,Knowledge Quiz,,3,,,Yes
SOP-08-3.3,SOP-08,Data Access and Reporting Procedure,1.0,SOP,3.3,Report Production,Data Analysts should automate recurring reports where possible.,Recommended,Recommended,Data Analyst,Role-Specific,Report Production,Low,Week 2,None,,3,,,Yes
SOP-08-3.4,SOP-08,Data Access and Reporting Procedure,1.0,SOP,3.4,Report Production,Data Analysts must demonstrate building a masked data extract within 30 days of joining.,Mandatory,Must Demonstrate,Data Analyst,Role-Specific,Report Production,Medium,First 30 Days,Practical Assessment,POL-06-2.2,3,,,Yes
SOP-08-4.1,SOP-08,Data Access and Reporting Procedure,1.0,SOP,4.1,Access Administration,IT Support Engineers must grant data access only after receiving approval from the data owner.,Mandatory,Must Know,IT Support Engineer,Role-Specific,Access Administration,Medium,Week 2,Knowledge Quiz,,3,,,Yes
SOP-08-4.2,SOP-08,Data Access and Reporting Procedure,1.0,SOP,4.2,Access Administration,IT Support Engineers must review all analytics access rights every quarter.,Mandatory,Must Know,IT Support Engineer,Role-Specific,Access Administration,Medium,Week 2,Knowledge Quiz,,3,,,Yes
SOP-08-5.1,SOP-08,Data Access and Reporting Procedure,1.0,SOP,5.1,Oversight,Compliance Officers must review a sample of data-access logs every month.,Mandatory,Must Know,Compliance Officer,Role-Specific,Oversight,Medium,Week 2,Knowledge Quiz,,3,,,Yes
SOP-08-5.2,SOP-08,Data Access and Reporting Procedure,1.0,SOP,5.2,Oversight,Compliance Officers may request an ad-hoc access audit at any time.,Optional,Optional,Compliance Officer,Role-Specific,Oversight,Low,Week 2,None,,3,,,Yes
RD-01-1.2,RD-01,Role Descriptions,1.0,Role Description,1.2,Branch Manager,The Branch Manager must hold a daily morning briefing with branch staff.,Mandatory,Must Know,Branch Manager,Role-Specific,Branch Manager,Medium,Week 2,Knowledge Quiz,,5,,,Yes
RD-01-1.3,RD-01,Role Descriptions,1.0,Role Description,1.3,Branch Manager,The Branch Manager must complete the Branch Leadership Programme within 90 days of joining.,Mandatory,Must Complete,Branch Manager,Role-Specific,Branch Manager,Medium,First 90 Days,Knowledge Quiz,,5,,,Yes
RD-01-2.2,RD-01,Role Descriptions,1.0,Role Description,2.2,Customer Service Officer,The Customer Service Officer must achieve a customer satisfaction score of at least 85% in quarterly surveys.,Mandatory,Must Know,Customer Service Officer,Role-Specific,Customer Service Officer,Medium,Week 2,Knowledge Quiz,,5,,,Yes
RD-01-2.3,RD-01,Role Descriptions,1.0,Role Description,2.3,Customer Service Officer,The Customer Service Officer should learn the full product range of the bank within 30 days of joining.,Recommended,Recommended,Customer Service Officer,Role-Specific,Customer Service Officer,Low,First 30 Days,None,,5,,,Yes
RD-01-3.2,RD-01,Role Descriptions,1.0,Role Description,3.2,Sales Executive,The Sales Executive must meet the monthly new-account target agreed with the Branch Manager.,Mandatory,Must Know,Sales Executive,Role-Specific,Sales Executive,Medium,Week 2,Knowledge Quiz,,5,,,Yes
RD-01-3.3,RD-01,Role Descriptions,1.0,Role Description,3.3,Sales Executive,"The Sales Executive may approve new accounts with an expected balance of up to PKR 500,000 without Branch Manager approval.",Optional,Optional,Sales Executive,Role-Specific,Sales Executive,Low,Week 2,None,,5,Overridden by SOP-03-3.1 (C05),,No
RD-01-4.2,RD-01,Role Descriptions,1.0,Role Description,4.2,HR Executive,The HR Executive must conduct the onboarding orientation for new joiners every Monday.,Mandatory,Must Know,HR Executive,Role-Specific,HR Executive,Medium,Week 2,Knowledge Quiz,,5,,,Yes
RD-01-4.3,RD-01,Role Descriptions,1.0,Role Description,4.3,HR Executive,The HR Executive must complete the Pakistan Labour Law Basics module within 30 days of joining.,Mandatory,Must Complete,HR Executive,Role-Specific,HR Executive,Medium,First 30 Days,Knowledge Quiz,,5,,,Yes
RD-01-5.2,RD-01,Role Descriptions,1.0,Role Description,5.2,Finance Associate,The Finance Associate must complete the core banking finance module within the first week of joining.,Mandatory,Must Complete,Finance Associate,Role-Specific,Finance Associate,Medium,Week 1,Knowledge Quiz,,5,,,Yes
RD-01-5.3,RD-01,Role Descriptions,1.0,Role Description,5.3,Finance Associate,The Finance Associate should gain proficiency in advanced spreadsheet functions within 60 days of joining.,Recommended,Recommended,Finance Associate,Role-Specific,Finance Associate,Low,First 60 Days,None,,5,,,Yes
RD-01-6.2,RD-01,Role Descriptions,1.0,Role Description,6.2,Operations Coordinator,The Operations Coordinator must monitor daily end-of-day processing and report exceptions.,Mandatory,Must Know,Operations Coordinator,Role-Specific,Operations Coordinator,Medium,Week 2,Knowledge Quiz,,5,,,Yes
RD-01-6.3,RD-01,Role Descriptions,1.0,Role Description,6.3,Operations Coordinator,The Operations Coordinator must complete the Business Continuity Plan training within 60 days of joining.,Mandatory,Must Complete,Operations Coordinator,Role-Specific,Operations Coordinator,Medium,First 60 Days,Knowledge Quiz,,5,,,Yes
RD-01-7.2,RD-01,Role Descriptions,1.0,Role Description,7.2,IT Support Engineer,The IT Support Engineer must be available for on-call support one week per month.,Mandatory,Must Know,IT Support Engineer,Role-Specific,IT Support Engineer,Medium,Week 2,Knowledge Quiz,,5,,,Yes
RD-01-8.2,RD-01,Role Descriptions,1.0,Role Description,8.2,Compliance Officer,The Compliance Officer must complete the Certified AML Specialist preparation course within 90 days of joining.,Mandatory,Must Complete,Compliance Officer,Role-Specific,Compliance Officer,Medium,First 90 Days,Knowledge Quiz,,5,,,Yes
RD-01-8.3,RD-01,Role Descriptions,1.0,Role Description,8.3,Compliance Officer,The Compliance Officer must submit a monthly compliance report to the Head of Compliance.,Mandatory,Must Complete,Compliance Officer,Role-Specific,Compliance Officer,Medium,Week 2,Knowledge Quiz,,5,,,Yes
RD-01-9.2,RD-01,Role Descriptions,1.0,Role Description,9.2,Marketing Executive,The Marketing Executive must track campaign performance and report results every month.,Mandatory,Must Know,Marketing Executive,Role-Specific,Marketing Executive,Medium,Week 2,Knowledge Quiz,,5,,,Yes
RD-01-9.3,RD-01,Role Descriptions,1.0,Role Description,9.3,Marketing Executive,The Marketing Executive may attend external marketing workshops with manager approval.,Optional,Optional,Marketing Executive,Role-Specific,Marketing Executive,Low,Week 2,None,,5,,,Yes
RD-01-10.2,RD-01,Role Descriptions,1.0,Role Description,10.2,Data Analyst,The Data Analyst must produce the weekly branch performance dashboard.,Mandatory,Must Know,Data Analyst,Role-Specific,Data Analyst,Medium,Week 2,Knowledge Quiz,,5,,,Yes
RD-01-10.3,RD-01,Role Descriptions,1.0,Role Description,10.3,Data Analyst,The Data Analyst must complete the SQL and data visualisation skills assessment within 30 days of joining.,Mandatory,Must Complete,Data Analyst,Role-Specific,Data Analyst,Medium,First 30 Days,Knowledge Quiz,,5,,,Yes
RD-01-11.2,RD-01,Role Descriptions,1.0,Role Description,11.2,Cash Teller,The Cash Teller must process each customer cash transaction accurately within a service time of 5 minutes.,Mandatory,Must Know,Cash Teller,Role-Specific,Cash Teller,Medium,Week 2,Knowledge Quiz,,5,,,Yes
RD-01-11.3,RD-01,Role Descriptions,1.0,Role Description,11.3,Cash Teller,The Cash Teller must complete a shadowing period with a senior Cash Teller within the first week of joining.,Mandatory,Must Complete,Cash Teller,Role-Specific,Cash Teller,Medium,Week 1,Knowledge Quiz,,5,,,Yes
RD-01-12.2,RD-01,Role Descriptions,1.0,Role Description,12.2,Team Leader,The Team Leader must assign daily work to team members and monitor productivity.,Mandatory,Must Know,Team Leader,Role-Specific,Team Leader,Medium,Week 2,Knowledge Quiz,,5,,,Yes
RD-01-12.3,RD-01,Role Descriptions,1.0,Role Description,12.3,Team Leader,The Team Leader must complete the People Management Essentials module within 30 days of joining.,Mandatory,Must Complete,Team Leader,Role-Specific,Team Leader,Medium,First 30 Days,Knowledge Quiz,,5,,POL-02-6.3,Yes
FAQ-01-2.1,FAQ-01,HR and Leave FAQ,1.0,FAQ,2.1,How early do I need to apply for annual leave?,You should apply for annual leave at least 7 days in advance.,Recommended,Recommended,Branch Manager; Customer Service Officer; Sales Executive; HR Executive; Finance Associate; Operations Coordinator; IT Support Engineer; Compliance Officer; Marketing Executive; Data Analyst; Cash Teller; Team Leader,All Roles,How early do I need to apply for annual leave?,Low,Week 2,None,,7,Overridden by POL-03-2.2 (C01),,No
FAQ-01-4.2,FAQ-01,HR and Leave FAQ,1.0,FAQ,4.2,How do I get my payslip?,You must keep your bank account details updated on the HR portal.,Mandatory,Must Know,Branch Manager; Customer Service Officer; Sales Executive; HR Executive; Finance Associate; Operations Coordinator; IT Support Engineer; Compliance Officer; Marketing Executive; Data Analyst; Cash Teller; Team Leader,All Roles,How do I get my payslip?,Medium,Week 2,Knowledge Quiz,,7,,,Yes
FAQ-01-6.1,FAQ-01,HR and Leave FAQ,1.0,FAQ,6.1,Can I work from home?,Work from home may be allowed for non-customer-facing roles with Department Head approval.,Optional,Optional,Branch Manager; Customer Service Officer; Sales Executive; HR Executive; Finance Associate; Operations Coordinator; IT Support Engineer; Compliance Officer; Marketing Executive; Data Analyst; Cash Teller; Team Leader,All Roles,Can I work from home?,Low,Week 2,None,,7,,,Yes
FAQ-01-7.1,FAQ-01,HR and Leave FAQ,1.0,FAQ,7.1,Do I need a medical certificate for sick leave?,A medical certificate is required for sick leave of more than 2 consecutive days.,Mandatory,Must Know,Branch Manager; Customer Service Officer; Sales Executive; HR Executive; Finance Associate; Operations Coordinator; IT Support Engineer; Compliance Officer; Marketing Executive; Data Analyst; Cash Teller; Team Leader,All Roles,Do I need a medical certificate for sick leave?,Medium,Week 2,Knowledge Quiz,,7,,POL-03-3.2,Yes
FAQ-01-8.1,FAQ-01,HR and Leave FAQ,1.0,FAQ,8.1,When must onboarding training be finished?,All mandatory onboarding modules must be completed within 60 days of joining.,Mandatory,Must Complete,Branch Manager; Customer Service Officer; Sales Executive; HR Executive; Finance Associate; Operations Coordinator; IT Support Engineer; Compliance Officer; Marketing Executive; Data Analyst; Cash Teller; Team Leader,All Roles,When must onboarding training be finished?,Medium,First 60 Days,Knowledge Quiz,,7,Overridden by POL-02-2.2 (C09),,No
FAQ-02-1.1,FAQ-02,IT and Security FAQ,1.0,FAQ,1.1,How often do I need to change my password?,You must change your password every 90 days.,Mandatory,Must Know,Branch Manager; Customer Service Officer; Sales Executive; HR Executive; Finance Associate; Operations Coordinator; IT Support Engineer; Compliance Officer; Marketing Executive; Data Analyst; Cash Teller; Team Leader,All Roles,How often do I need to change my password?,Medium,Week 2,Knowledge Quiz,,7,Overridden by POL-04-3.2 (C03),,No
FAQ-02-2.1,FAQ-02,IT and Security FAQ,1.0,FAQ,2.1,Can I use a USB drive for customer presentations?,"Yes, you may use a personal USB drive for customer presentations if it is scanned by antivirus first.",Optional,Optional,Branch Manager; Customer Service Officer; Sales Executive; HR Executive; Finance Associate; Operations Coordinator; IT Support Engineer; Compliance Officer; Marketing Executive; Data Analyst; Cash Teller; Team Leader,All Roles,Can I use a USB drive for customer presentations?,Low,Week 2,None,,7,Overridden by POL-04-4.1 (C07),,No
FAQ-02-3.1,FAQ-02,IT and Security FAQ,1.0,FAQ,3.1,What if I forget my password?,You should reset it using the self-service portal or call extension 1100.,Recommended,Recommended,Branch Manager; Customer Service Officer; Sales Executive; HR Executive; Finance Associate; Operations Coordinator; IT Support Engineer; Compliance Officer; Marketing Executive; Data Analyst; Cash Teller; Team Leader,All Roles,What if I forget my password?,Low,Week 2,None,,7,,,Yes
FAQ-02-4.1,FAQ-02,IT and Security FAQ,1.0,FAQ,4.1,How do I report a phishing email?,You must use the Report Phishing button in Outlook.,Mandatory,Must Know,Branch Manager; Customer Service Officer; Sales Executive; HR Executive; Finance Associate; Operations Coordinator; IT Support Engineer; Compliance Officer; Marketing Executive; Data Analyst; Cash Teller; Team Leader,All Roles,How do I report a phishing email?,Medium,Week 2,Knowledge Quiz,,7,,POL-04-5.1,Yes
FAQ-02-6.1,FAQ-02,IT and Security FAQ,1.0,FAQ,6.1,Can I install software on my computer?,You must not install any software without IT approval.,Mandatory,Must Know,Branch Manager; Customer Service Officer; Sales Executive; HR Executive; Finance Associate; Operations Coordinator; IT Support Engineer; Compliance Officer; Marketing Executive; Data Analyst; Cash Teller; Team Leader,All Roles,Can I install software on my computer?,Medium,Week 2,Knowledge Quiz,,7,,,Yes
CMP-01-2.1,CMP-01,Mandatory Compliance Training Requirements,2.0,Compliance,2.1,Modules for All Employees,All employees must complete Information Security Basics within the first week of joining.,Mandatory,Must Complete,Branch Manager; Customer Service Officer; Sales Executive; HR Executive; Finance Associate; Operations Coordinator; IT Support Engineer; Compliance Officer; Marketing Executive; Data Analyst; Cash Teller; Team Leader,All Roles,Modules for All Employees,High,Week 1,Knowledge Quiz,,2,,POL-04-2.1,Yes
CMP-01-2.2,CMP-01,Mandatory Compliance Training Requirements,2.0,Compliance,2.2,Modules for All Employees,All employees must complete Data Privacy Essentials within 14 days of joining.,Mandatory,Must Complete,Branch Manager; Customer Service Officer; Sales Executive; HR Executive; Finance Associate; Operations Coordinator; IT Support Engineer; Compliance Officer; Marketing Executive; Data Analyst; Cash Teller; Team Leader,All Roles,Modules for All Employees,High,Week 2,Knowledge Quiz,CMP-01-2.1,2,,POL-06-2.2,Yes
CMP-01-2.3,CMP-01,Mandatory Compliance Training Requirements,2.0,Compliance,2.3,Modules for All Employees,All employees must complete Fraud Awareness within 30 days of joining.,Mandatory,Must Complete,Branch Manager; Customer Service Officer; Sales Executive; HR Executive; Finance Associate; Operations Coordinator; IT Support Engineer; Compliance Officer; Marketing Executive; Data Analyst; Cash Teller; Team Leader,All Roles,Modules for All Employees,High,First 30 Days,Knowledge Quiz,,2,,POL-08-2.1,Yes
CMP-01-2.4,CMP-01,Mandatory Compliance Training Requirements,2.0,Compliance,2.4,Modules for All Employees,All employees must complete Anti-Harassment Awareness within 30 days of joining.,Mandatory,Must Complete,Branch Manager; Customer Service Officer; Sales Executive; HR Executive; Finance Associate; Operations Coordinator; IT Support Engineer; Compliance Officer; Marketing Executive; Data Analyst; Cash Teller; Team Leader,All Roles,Modules for All Employees,High,First 30 Days,Knowledge Quiz,,2,,POL-05-3.3,Yes
CMP-01-2.5,CMP-01,Mandatory Compliance Training Requirements,2.0,Compliance,2.5,Modules for All Employees,All employees must pass each mandatory module assessment with a minimum score of 70%.,Mandatory,Must Complete,Branch Manager; Customer Service Officer; Sales Executive; HR Executive; Finance Associate; Operations Coordinator; IT Support Engineer; Compliance Officer; Marketing Executive; Data Analyst; Cash Teller; Team Leader,All Roles,Modules for All Employees,High,First 30 Days,Knowledge Quiz,,2,,,Yes
CMP-01-3.1,CMP-01,Mandatory Compliance Training Requirements,2.0,Compliance,3.1,Role-Based Modules,Staff in scope must complete AML and KYC Fundamentals within 30 days of joining.,Mandatory,Must Complete,Branch Manager; Customer Service Officer; Sales Executive; Cash Teller; Compliance Officer; Operations Coordinator,Role-Specific,Role-Based Modules,High,First 30 Days,Knowledge Quiz,,2,Overridden by POL-07-2.1 (C08),,No
CMP-01-4.1,CMP-01,Mandatory Compliance Training Requirements,2.0,Compliance,4.1,Prerequisites,Information Security Basics must be completed before Data Privacy Essentials.,Mandatory,Must Complete,Branch Manager; Customer Service Officer; Sales Executive; HR Executive; Finance Associate; Operations Coordinator; IT Support Engineer; Compliance Officer; Marketing Executive; Data Analyst; Cash Teller; Team Leader,All Roles,Prerequisites,High,First 30 Days,Knowledge Quiz,,2,,,Yes
CMP-01-4.2,CMP-01,Mandatory Compliance Training Requirements,2.0,Compliance,4.2,Prerequisites,Data Privacy Essentials must be completed before any customer-data access training.,Mandatory,Must Complete,Branch Manager; Customer Service Officer; Sales Executive; HR Executive; Finance Associate; Operations Coordinator; IT Support Engineer; Compliance Officer; Marketing Executive; Data Analyst; Cash Teller; Team Leader,All Roles,Prerequisites,High,First 30 Days,Knowledge Quiz,,2,,,Yes
CMP-01-4.3,CMP-01,Mandatory Compliance Training Requirements,2.0,Compliance,4.3,Prerequisites,AML and KYC Fundamentals must be completed before the Account Opening practical assessment.,Mandatory,Must Complete,Branch Manager; Customer Service Officer; Sales Executive; HR Executive; Finance Associate; Operations Coordinator; IT Support Engineer; Compliance Officer; Marketing Executive; Data Analyst; Cash Teller; Team Leader,All Roles,Prerequisites,High,First 30 Days,Knowledge Quiz,,2,,,Yes
CMP-01-4.4,CMP-01,Mandatory Compliance Training Requirements,2.0,Compliance,4.4,Prerequisites,The Complaint Handling module must be completed before the Escalation Procedure module.,Mandatory,Must Complete,Branch Manager; Customer Service Officer; Sales Executive; HR Executive; Finance Associate; Operations Coordinator; IT Support Engineer; Compliance Officer; Marketing Executive; Data Analyst; Cash Teller; Team Leader,All Roles,Prerequisites,High,First 30 Days,Knowledge Quiz,,2,,,Yes
CMP-01-5.1,CMP-01,Mandatory Compliance Training Requirements,2.0,Compliance,5.1,Refresher Training,Employees must complete refresher training for all mandatory modules every 12 months.,Mandatory,Must Complete,Branch Manager; Customer Service Officer; Sales Executive; HR Executive; Finance Associate; Operations Coordinator; IT Support Engineer; Compliance Officer; Marketing Executive; Data Analyst; Cash Teller; Team Leader,All Roles,Refresher Training,High,First 30 Days,Knowledge Quiz,,2,,,Yes
CMP-01-5.2,CMP-01,Mandatory Compliance Training Requirements,2.0,Compliance,5.2,Refresher Training,Employees who fail an assessment twice must be referred to their reporting manager for review.,Mandatory,Must Know,Branch Manager; Customer Service Officer; Sales Executive; HR Executive; Finance Associate; Operations Coordinator; IT Support Engineer; Compliance Officer; Marketing Executive; Data Analyst; Cash Teller; Team Leader,All Roles,Refresher Training,High,First 30 Days,Knowledge Quiz,,2,,,Yes
PRC-01-2.1,PRC-01,New Joiner Process Manual,1.0,Process Manual,2.1,Day 1,New joiners must report to the HR desk at 9:00 AM on Day 1.,Mandatory,Must Know,Branch Manager; Customer Service Officer; Sales Executive; HR Executive; Finance Associate; Operations Coordinator; IT Support Engineer; Compliance Officer; Marketing Executive; Data Analyst; Cash Teller; Team Leader,All Roles,Day 1,High,Day 1,Knowledge Quiz,,6,,,Yes
PRC-01-2.3,PRC-01,New Joiner Process Manual,1.0,Process Manual,2.3,Day 1,New joiners must attend the welcome orientation session on Day 1.,Mandatory,Must Complete,Branch Manager; Customer Service Officer; Sales Executive; HR Executive; Finance Associate; Operations Coordinator; IT Support Engineer; Compliance Officer; Marketing Executive; Data Analyst; Cash Teller; Team Leader,All Roles,Day 1,High,Day 1,Knowledge Quiz,,6,,,Yes
PRC-01-3.1,PRC-01,New Joiner Process Manual,1.0,Process Manual,3.1,Week 1,New joiners must complete the mandatory security and conduct modules within the first week of joining.,Mandatory,Must Complete,Branch Manager; Customer Service Officer; Sales Executive; HR Executive; Finance Associate; Operations Coordinator; IT Support Engineer; Compliance Officer; Marketing Executive; Data Analyst; Cash Teller; Team Leader,All Roles,Week 1,Medium,Week 1,Knowledge Quiz,,6,,,Yes
PRC-01-3.2,PRC-01,New Joiner Process Manual,1.0,Process Manual,3.2,Week 1,New joiners should meet at least three colleagues from other departments within the first week of joining.,Recommended,Recommended,Branch Manager; Customer Service Officer; Sales Executive; HR Executive; Finance Associate; Operations Coordinator; IT Support Engineer; Compliance Officer; Marketing Executive; Data Analyst; Cash Teller; Team Leader,All Roles,Week 1,Low,Week 1,None,,6,,,Yes
PRC-01-4.1,PRC-01,New Joiner Process Manual,1.0,Process Manual,4.1,First 30 Days,New joiners must complete their role-specific learning plan milestones within 30 days of joining.,Mandatory,Must Complete,Branch Manager; Customer Service Officer; Sales Executive; HR Executive; Finance Associate; Operations Coordinator; IT Support Engineer; Compliance Officer; Marketing Executive; Data Analyst; Cash Teller; Team Leader,All Roles,First 30 Days,Medium,First 30 Days,Knowledge Quiz,,6,,,Yes
PRC-01-4.2,PRC-01,New Joiner Process Manual,1.0,Process Manual,4.2,First 30 Days,New joiners must attend a check-in meeting with their reporting manager within 30 days of joining.,Mandatory,Must Complete,Branch Manager; Customer Service Officer; Sales Executive; HR Executive; Finance Associate; Operations Coordinator; IT Support Engineer; Compliance Officer; Marketing Executive; Data Analyst; Cash Teller; Team Leader,All Roles,First 30 Days,Medium,First 30 Days,Knowledge Quiz,,6,,,Yes
PRC-01-5.1,PRC-01,New Joiner Process Manual,1.0,Process Manual,5.1,First 60 and 90 Days,New joiners must complete all practical assessments within 60 days of joining.,Mandatory,Must Complete,Branch Manager; Customer Service Officer; Sales Executive; HR Executive; Finance Associate; Operations Coordinator; IT Support Engineer; Compliance Officer; Marketing Executive; Data Analyst; Cash Teller; Team Leader,All Roles,First 60 and 90 Days,Medium,First 60 Days,Knowledge Quiz,,6,,,Yes
PRC-01-5.2,PRC-01,New Joiner Process Manual,1.0,Process Manual,5.2,First 60 and 90 Days,New joiners must complete the final onboarding assessment within 90 days of joining.,Mandatory,Must Complete,Branch Manager; Customer Service Officer; Sales Executive; HR Executive; Finance Associate; Operations Coordinator; IT Support Engineer; Compliance Officer; Marketing Executive; Data Analyst; Cash Teller; Team Leader,All Roles,First 60 and 90 Days,Medium,First 90 Days,Knowledge Quiz,,6,,,Yes
PRC-01-5.3,PRC-01,New Joiner Process Manual,1.0,Process Manual,5.3,First 60 and 90 Days,New joiners may request a mentor from the HR team at any time during onboarding.,Optional,Optional,Branch Manager; Customer Service Officer; Sales Executive; HR Executive; Finance Associate; Operations Coordinator; IT Support Engineer; Compliance Officer; Marketing Executive; Data Analyst; Cash Teller; Team Leader,All Roles,First 60 and 90 Days,Low,First 30 Days,None,,6,,,Yes
PRC-01-6.1,PRC-01,New Joiner Process Manual,1.0,Process Manual,6.1,Branch New Joiners,Branch new joiners must complete a branch security walkthrough on Day 1.,Mandatory,Must Complete,Cash Teller; Customer Service Officer; Branch Manager; Sales Executive,Role-Specific,Branch New Joiners,High,Day 1,Knowledge Quiz,,6,,,Yes
PRC-01-6.2,PRC-01,New Joiner Process Manual,1.0,Process Manual,6.2,Branch New Joiners,Branch new joiners must not handle customer cash or customer data until AML and KYC Fundamentals is completed.,Mandatory,Must Complete,Cash Teller; Customer Service Officer; Branch Manager; Sales Executive,Role-Specific,Branch New Joiners,Medium,First 30 Days,Knowledge Quiz,,6,,,Yes
